Run,Assay Type,AvgSpotLen,Bases,BioProject,BioSample,Bytes,cell_type,Center Name,condition,Consent,DATASTORE filetype,DATASTORE provider,DATASTORE region,Experiment,GEO_Accession (exp),hapmap_individual,Instrument,LibraryLayout,LibrarySelection,LibrarySource,multiplexing_index_number,multiplexing_index_sequence,Organism,Platform,ReleaseDate,rin_score,create_date,version,Sample Name,source_name,SRA Study,splicing_factor_targeted
SRR1040813,RNA-Seq,107,2009864139,PRJNA230267,SAMN02427498,1468589411,lymphoblastoid cell line,GEO,knockdown,public,"fastq,sra","gs,ncbi,s3","gs.us-east1,ncbi.public,s3.us-east-1",SRX385398,GSM1276840,GM19238,Illumina HiSeq 2000,SINGLE,cDNA,TRANSCRIPTOMIC,14,AGTTCC,Homo sapiens,ILLUMINA,2015-07-22T00:00:00Z,9.3,2015-12-15T23:49:00Z,2,GSM1276840,lymphoblastoid cell line,SRP033393,PTBP1
SRR1040814,RNA-Seq,107,6241652935,PRJNA230267,SAMN02427494,4179656356,lymphoblastoid cell line,GEO,knockdown,public,"fastq,sra","gs,ncbi,s3","gs.us-east1,ncbi.public,s3.us-east-1",SRX385399,GSM1276841,GM19238,Illumina HiSeq 2000,SINGLE,cDNA,TRANSCRIPTOMIC,8,ACTTGA,Homo sapiens,ILLUMINA,2015-07-22T00:00:00Z,9.7,2015-12-16T00:02:00Z,2,GSM1276841,lymphoblastoid cell line,SRP033393,PTBP1
SRR1040879,RNA-Seq,107,3367640211,PRJNA230267,SAMN02427489,2494353619,lymphoblastoid cell line,GEO,control,public,"fastq,sra","gs,ncbi,s3","gs.us-east1,ncbi.public,s3.us-east-1",SRX385464,GSM1276906,GM19238,Illumina HiSeq 2000,SINGLE,cDNA,TRANSCRIPTOMIC,13,AGTCAA,Homo sapiens,ILLUMINA,2015-07-22T00:00:00Z,8.1,2015-12-16T01:18:00Z,2,GSM1276906,lymphoblastoid cell line,SRP033393,
SRR1040880,RNA-Seq,107,3790964953,PRJNA230267,SAMN02427492,2564410537,lymphoblastoid cell line,GEO,control,public,"fastq,sra","gs,ncbi,s3","gs.us-east1,ncbi.public,s3.us-east-1",SRX385465,GSM1276907,GM19238,Illumina HiSeq 2000,SINGLE,cDNA,TRANSCRIPTOMIC,1,ATCACG,Homo sapiens,ILLUMINA,2015-07-22T00:00:00Z,9.1,2015-12-16T01:22:00Z,2,GSM1276907,lymphoblastoid cell line,SRP033393,
SRR1040881,RNA-Seq,107,6409202416,PRJNA230267,SAMN02427491,4424584607,lymphoblastoid cell line,GEO,control,public,"fastq,sra","gs,ncbi,s3","gs.us-east1,ncbi.public,s3.us-east-1",SRX385466,GSM1276908,GM19238,Illumina HiSeq 2000,SINGLE,cDNA,TRANSCRIPTOMIC,4,TGACCA,Homo sapiens,ILLUMINA,2015-07-22T00:00:00Z,9.6,2015-12-16T01:32:00Z,2,GSM1276908,lymphoblastoid cell line,SRP033393,
SRR1040882,RNA-Seq,107,2804010007,PRJNA230267,SAMN02427488,1925261765,lymphoblastoid cell line,GEO,control,public,"fastq,sra","gs,ncbi,s3","gs.us-east1,ncbi.public,s3.us-east-1",SRX385467,GSM1276909,GM19238,Illumina HiSeq 2000,SINGLE,cDNA,TRANSCRIPTOMIC,10,TAGCTT,Homo sapiens,ILLUMINA,2015-07-22T00:00:00Z,9.7,2015-12-16T01:21:00Z,2,GSM1276909,lymphoblastoid cell line,SRP033393,
SRR1040883,RNA-Seq,107,7497363526,PRJNA230267,SAMN02427493,5452433616,lymphoblastoid cell line,GEO,control,public,"fastq,sra","gs,ncbi,s3","gs.us-east1,ncbi.public,s3.us-east-1",SRX385468,GSM1276910,GM19238,Illumina HiSeq 2000,SINGLE,cDNA,TRANSCRIPTOMIC,12,CTTGTA,Homo sapiens,ILLUMINA,2015-07-22T00:00:00Z,9.5,2015-12-16T01:37:00Z,2,GSM1276910,lymphoblastoid cell line,SRP033393,
SRR1040884,RNA-Seq,107,6642447222,PRJNA230267,SAMN02427490,4817404919,lymphoblastoid cell line,GEO,control,public,"fastq,sra","gs,ncbi,s3","gs.us-east1,ncbi.public,s3.us-east-1",SRX385469,GSM1276911,GM19238,Illumina HiSeq 2000,SINGLE,cDNA,TRANSCRIPTOMIC,3,TTAGGC,Homo sapiens,ILLUMINA,2015-07-22T00:00:00Z,9.8,2015-12-16T01:40:00Z,2,GSM1276911,lymphoblastoid cell line,SRP033393,
SRR1040885,RNA-Seq,107,3409783873,PRJNA230267,SAMN02427495,2491719377,lymphoblastoid cell line,GEO,control,public,"fastq,sra","gs,ncbi,s3","gs.us-east1,ncbi.public,s3.us-east-1",SRX385470,GSM1276912,GM19238,Illumina HiSeq 2000,SINGLE,cDNA,TRANSCRIPTOMIC,4,TGACCA,Homo sapiens,ILLUMINA,2015-07-22T00:00:00Z,9.2,2015-12-16T01:28:00Z,2,GSM1276912,lymphoblastoid cell line,SRP033393,
